{"count":1,"self":886.213632,"total":178945.48818,"children":{"InitializeActuators":{"count":30,"self":0.0018803,"total":0.0018803,"children":null},"InitializeSensors":{"count":30,"self":0.0165769,"total":0.0165769,"children":null},"AgentSendState":{"count":2002411,"self":74.023104,"total":32077.132455799998,"children":{"GridSensor.Update":{"count":12024060,"self":29486.235647999998,"total":29486.2362101,"children":null},"CollectObservations":{"count":12024060,"self":3.3913992,"total":3.3913990999999997,"children":null},"WriteActionMask":{"count":12024060,"self":5.197964,"total":5.197964,"children":null},"RequestDecision":{"count":12024060,"self":26.823505599999997,"total":2508.2837759,"children":{"AgentInfo.ToProto":{"count":12024060,"self":25.781259199999997,"total":2481.4602703,"children":{"GenerateSensorData":{"count":12024060,"self":63.6797056,"total":2455.6790112,"children":{"GridSensor.GetCompressedObservation":{"count":12024060,"self":2391.9992832,"total":2391.9993042,"children":null}}}}}}}}},"DecideAction":{"count":2002411,"self":145823.8521344,"total":145823.8497359,"children":null},"AgentAct":{"count":2002411,"self":124.7641728,"total":158.2673987,"children":{"GridSensor.Update":{"count":12000,"self":30.9976384,"total":30.9976387,"children":null},"AgentInfo.ToProto":{"count":12000,"self":0.0259689,"total":2.5055842,"children":{"GenerateSensorData":{"count":12000,"self":0.0713241,"total":2.4796153,"children":{"GridSensor.GetCompressedObservation":{"count":12000,"self":2.4082912,"total":2.4082912,"children":null}}}}}}}},"gauges":{"EvacTest.CumulativeReward":{"count":12000,"max":-0.99994123,"min":-30.4197769,"runningAverage":-4.7462163,"value":-4.98887062,"weightedAverage":-4.047046}},"metadata":{"timer_format_version":"0.1.0","start_time_seconds":"1681352344","unity_version":"2022.2.5f1c1","command_line_arguments":"E:\\Project\\EvacAPI\\EvacSim\/UnityEnvironment.exe -nographics -batchmode --mlagents-port 5005","communication_protocol_version":"1.5.0","com.unity.ml-agents_version":"2.3.0-exp.3","scene_name":"EvacSimple","end_time_seconds":"1681531289"}}